{
    "Problem": [
        {
            "Lower bound": -Infinity,
            "Number of constraints": 72,
            "Number of objectives": 1,
            "Number of variables": 51,
            "Sense": "unknown",
            "Upper bound": Infinity
        }
    ],
    "Solution": [
        {
            "number of solutions": 1,
            "number of solutions displayed": 1
        },
        {
            "Constraint": "No values",
            "Gap": null,
            "Message": "Ipopt 3.11.1\\x3a Solved To Acceptable Level.",
            "Objective": {
                "OBJ": {
                    "Value": 3166.092491581388
                }
            },
            "Problem": {},
            "Status": "optimal",
            "Variable": {
                "A[1]": {
                    "Value": 0.0797448154796665
                },
                "A[2]": {
                    "Value": 0.1063264240207859
                },
                "A[3]": {
                    "Value": 0.0797448125114166
                },
                "A[4]": {
                    "Value": 0.1860712388802372
                },
                "A[5]": {
                    "Value": 0.18607123688663146
                },
                "CostEnergy": {
                    "Value": 419.999995800317
                },
                "CostHouses": {
                    "Value": 1800.0000010021527
                },
                "CostSource": {
                    "Value": 933.3333242233433
                },
                "CostTubes": {
                    "Value": 12.759170555574753
                },
                "E_use[1]": {
                    "Value": 6.999999790028514
                },
                "E_use[2]": {
                    "Value": 13.999999999987335
                },
                "Link_b[1,3]": {
                    "Value": 1.0000000166664578
                },
                "Link_b[2,4]": {
                    "Value": 1.0000000166664307
                },
                "Link_b[3,4]": {
                    "Value": 1.0000000166666385
                },
                "Link_b[4,5]": {
                    "Value": 1.000000016666448
                },
                "PK_bron": {
                    "Value": 93.33333242233432
                },
                "Q[1]": {
                    "Value": 0.2392344464389995
                },
                "Q[2]": {
                    "Value": 0.3189792720623577
                },
                "Q[3]": {
                    "Value": 0.2392344375342498
                },
                "Q[4]": {
                    "Value": 0.5582137166407115
                },
                "Q[5]": {
                    "Value": 0.5582137106598943
                },
                "Q_h[1]": {
                    "Value": 0.23923444258470647
                },
                "Q_h[2]": {
                    "Value": 0.31897926634739876
                },
                "Q_source": {
                    "Value": 2.2328548426395773
                },
                "Type[LT,1]": {
                    "Value": 1.000000019996945
                },
                "Type[MT,2]": {
                    "Value": 1.00000001998164
                }
            }
        }
    ],
    "Solver": [
        {
            "Error rc": 0,
            "Id": 1,
            "Message": "Ipopt 3.11.1\\x3a Solved To Acceptable Level.",
            "Status": "ok",
            "Termination condition": "optimal",
            "Time": 0.14061594009399414
        }
    ]
}