{
    "Problem": [
        {
            "Lower bound": -Infinity, 
            "Number of constraints": 31, 
            "Number of objectives": 1, 
            "Number of variables": 32, 
            "Sense": "unknown", 
            "Upper bound": Infinity
        }
    ], 
    "Solution": [
        {
            "number of solutions": 1, 
            "number of solutions displayed": 1
        }, 
        {
            "Constraint": "No values", 
            "Gap": null, 
            "Message": "Ipopt 3.13.4\\x3a Optimal Solution Found", 
            "Objective": {
                "obj": {
                    "Value": 681.991820344147
                }
            }, 
            "Problem": {}, 
            "Status": "optimal", 
            "Variable": {
                "d[0].Conn": {
                    "Value": 0.06348131428808691
                }, 
                "d[0].Q_h": {
                    "Value": 0.037967293234501744
                }, 
                "d[1].Conn": {
                    "Value": 0.06913477757875405
                }, 
                "d[1].Q_h": {
                    "Value": 0.04134855118346535
                }, 
                "p[0].Q_from[1]": {
                    "Value": 1.5020454718980233e-07
                }, 
                "p[0].Q_from_h": {
                    "Value": 0.037967293234501744
                }, 
                "p[0].Q_to[2]": {
                    "Value": 0.03796744343904894
                }, 
                "p[0].street_cost": {
                    "Value": 0.7133724091050585
                }, 
                "p[1].Q_from_h": {
                    "Value": 0.04134855118346535
                }, 
                "p[1].Q_to[0]": {
                    "Value": 1.5020454718980233e-07
                }, 
                "p[1].Q_to[2]": {
                    "Value": 0.041348400978918155
                }, 
                "p[1].street_cost": {
                    "Value": 0.7139462997014006
                }, 
                "p[2].Q_from[0]": {
                    "Value": 0.03796744343904894
                }, 
                "p[2].Q_from[1]": {
                    "Value": 0.041348400978918155
                }, 
                "p[2].Q_to[3]": {
                    "Value": 0.0793158444179671
                }, 
                "p[2].street_cost": {
                    "Value": 50.51938772239715
                }, 
                "p[3].Q_from[2]": {
                    "Value": 0.0793158444179671
                }, 
                "p[3].Q_to[4]": {
                    "Value": 0.0793158444179671
                }, 
                "p[3].street_cost": {
                    "Value": 61.73305559790888
                }, 
                "p[4].Q_from[3]": {
                    "Value": 0.0793158444179671
                }, 
                "p[4].Q_to_s": {
                    "Value": 0.0793158444179671
                }, 
                "p[4].street_cost": {
                    "Value": 0.024968827786375193
                }
            }
        }
    ], 
    "Solver": [
        {
            "Error rc": 0, 
            "Id": 0, 
            "Message": "Ipopt 3.13.4\\x3a Optimal Solution Found", 
            "Status": "ok", 
            "Termination condition": "optimal", 
            "Time": 0.06369805335998535
        }
    ]
}