{
    "Problem": [
        {
            "Lower bound": -Infinity,
            "Number of constraints": 0,
            "Number of objectives": 1,
            "Number of variables": 310,
            "Sense": "unknown",
            "Upper bound": Infinity
        }
    ],
    "Solution": [
        {
            "number of solutions": 1,
            "number of solutions displayed": 1
        },
        {
            "Constraint": "No values",
            "Gap": null,
            "Message": "bonmin\\x3a Optimal",
            "Objective": {
                "OBJ": {
                    "Value": 50287.32903470184
                }
            },
            "Problem": {},
            "Status": "optimal",
            "Variable": {
                "A[1,4]": {
                    "Value": 0.11961725607827696
                },
                "A[10,11]": {
                    "Value": 5.033686223671914e-08
                },
                "A[11,12]": {
                    "Value": 0.2591706998347006
                },
                "A[2,5]": {
                    "Value": 0.0797448473847765
                },
                "A[3,8]": {
                    "Value": 0.05980864303824478
                },
                "A[4,6]": {
                    "Value": 0.11961724942258355
                },
                "A[5,7]": {
                    "Value": 0.07974484070716098
                },
                "A[6,9]": {
                    "Value": 0.1196172427539095
                },
                "A[7,9]": {
                    "Value": 0.13955341343594094
                },
                "A[8,10]": {
                    "Value": 5.700719171729807e-08
                },
                "A[8,7]": {
                    "Value": 0.059808576060101516
                },
                "A[9,11]": {
                    "Value": 0.2591706528748948
                },
                "Conn[1]": {
                    "Value": 1.0
                },
                "Conn[2]": {
                    "Value": 1.0
                },
                "Conn[3]": {
                    "Value": 1.0
                },
                "CostEnergy": {
                    "Value": 1400.000014010525
                },
                "CostSource": {
                    "Value": 1300.0002303708584
                },
                "CostStreets": {
                    "Value": 499.71276354903756
                },
                "CostTubes": {
                    "Value": 12.958522762361499
                },
                "E_use[1]": {
                    "Value": 28.000000280409385
                },
                "E_use[2]": {
                    "Value": 21.000000210115733
                },
                "E_use[3]": {
                    "Value": 21.000000210001144
                },
                "PK_bron": {
                    "Value": 130.00002303708584
                },
                "P_grid[HT]": {
                    "Value": 53.50000000999818
                },
                "P_grid[LT]": {
                    "Value": 88801.73932226106
                },
                "P_grid[MT]": {
                    "Value": 86851.50573522586
                },
                "Q[1,4]": {
                    "Value": 0.3588517682348309
                },
                "Q[10,11]": {
                    "Value": 1.5101058685221545e-07
                },
                "Q[11,12]": {
                    "Value": 0.7775120995041018
                },
                "Q[2,5]": {
                    "Value": 0.2392345421543295
                },
                "Q[3,8]": {
                    "Value": 0.17942592911473434
                },
                "Q[4,6]": {
                    "Value": 0.3588517482677506
                },
                "Q[5,7]": {
                    "Value": 0.23923452212148297
                },
                "Q[6,9]": {
                    "Value": 0.3588517282617285
                },
                "Q[7,9]": {
                    "Value": 0.4186602403078228
                },
                "Q[8,10]": {
                    "Value": 1.7102157524831486e-07
                },
                "Q[8,7]": {
                    "Value": 0.17942572818030453
                },
                "Q[9,11]": {
                    "Value": 0.7775119586246845
                },
                "Q_h[1]": {
                    "Value": 0.3588516782349659
                },
                "Q_h[2]": {
                    "Value": 0.2392344521544646
                },
                "Q_h[3]": {
                    "Value": 0.1794258391148694
                },
                "Q_source": {
                    "Value": 3.1100483980164073
                },
                "Revenue": {
                    "Value": 53500.00056539463
                },
                "Type[HT]": {
                    "Value": 1.0
                }
            }
        }
    ],
    "Solver": [
        {
            "Error rc": 0,
            "Id": 3,
            "Message": "bonmin\\x3a Optimal",
            "Status": "ok",
            "Termination condition": "optimal",
            "Time": 24.01949954032898
        }
    ]
}